CUSTOMER_CODE,FIRSTNAME,LASTNAME
CUST10000000001,Kaela,Breckon
CUST10000000002,Jocelyn,Gaitskill
CUST10000000003,Rory,Swett
CUST10000000004,Bryce,MacDunleavy
CUST10000000005,Dahlia,Reddin
CUST10000000006,Kermy,Colls
CUST10000000007,Nicolina,Humerstone
CUST10000000008,Dario,McKennan
CUST10000000009,Umeko,Kelleway
CUST10000000010,Odey,Dufty
CUST10000000011,Fallon,Sipson
CUST10000000012,Christie,Ogilby
CUST10000000013,Tadeo,Bazeley
CUST10000000014,Corey,Stubbings
CUST10000000015,Kristopher,Evett
CUST10000000016,Kasey,Mattessen
CUST10000000017,Jean,Michael
CUST10000000018,Henderson,Gooding
CUST10000000019,Olivero,Ivoshin
CUST10000000020,Kenneth,Kimblin
CUST10000000021,Electra,Gunston
CUST10000000022,Marshal,Harbinson
CUST10000000023,Hershel,Loadsman
CUST10000000024,Alexis,Mabb
CUST10000000025,Moria,Eakle
CUST10000000026,Alyse,Middlehurst
CUST10000000027,Weidar,Heaney
CUST10000000028,Bobbie,Scotsbrook
CUST10000000029,Catie,Morewood
CUST10000000030,Rubina,Stubbington
CUST10000000031,Martina,Poutress
CUST10000000032,Brendon,Lovstrom
CUST10000000033,Tammie,Beagley
CUST10000000034,Myrwyn,Beetham
CUST10000000035,Katha,Detloff
CUST10000000036,Maynord,Runcieman
CUST10000000037,Shelton,Bindin
CUST10000000038,Rici,Filmer
CUST10000000039,Darlene,Farenden
CUST10000000040,Brittany,Daggett
CUST10000000041,Alasteir,Barttrum
CUST10000000042,Sylvester,Ickowics
CUST10000000043,Ignace,Tattersill
CUST10000000044,Sonnnie,St Leger
CUST10000000045,Freida,Talton
CUST10000000046,Donnajean,Uzzell
CUST10000000047,Mahalia,Knibbs
CUST10000000048,Conrado,Fillgate
CUST10000000049,Chrissy,Brierly
CUST10000000050,Albie,Kinahan
CUST10000000051,Valaree,Lorand
CUST10000000052,Merle,Murrill
CUST10000000053,Sher,Course
CUST10000000054,Jody,Emmer
CUST10000000055,Cristi,Eilhertsen
CUST10000000056,Harwilll,Ryam
CUST10000000057,Joelle,Rottenbury
CUST10000000058,Druci,Van Rembrandt
CUST10000000059,Haleigh,Pestridge
CUST10000000060,Vina,Reasce
CUST10000000061,Zaria,Costello
CUST10000000062,Karlis,Ironmonger
CUST10000000063,Annmaria,MacCahey
CUST10000000064,Steward,Leban
CUST10000000065,Bayard,Nasi
CUST10000000066,Bert,Lippett
CUST10000000067,Cozmo,Breadon
CUST10000000068,Conan,Sheldrick
CUST10000000069,Sandro,Sherewood
CUST10000000070,Noby,Cafferty
CUST10000000071,Olag,Shewsmith
CUST10000000072,Chloette,Ligerton
CUST10000000073,Clarine,Kerans
CUST10000000074,Othilia,Macoun
CUST10000000075,Honoria,Ugoletti
CUST10000000076,Betteanne,Gergler
CUST10000000077,Burr,Olley
CUST10000000078,Roanne,Cornborough
CUST10000000079,Sidnee,Abrahim
CUST10000000080,Lamar,Stather
CUST10000000081,Jdavie,Straun
CUST10000000082,Saloma,Geipel
CUST10000000083,Brittney,Ajsik
CUST10000000084,Issie,Geroldi
CUST10000000085,Ed,De Simoni
CUST10000000086,Burr,McNee
CUST10000000087,Robinia,Greenstock
CUST10000000088,Alfons,O'Dowd
CUST10000000089,Foster,Foxley
CUST10000000090,Marcela,Grigs
CUST10000000091,Corinne,Livings
CUST10000000092,Leonard,De Lisle
CUST10000000093,Reade,Howroyd
CUST10000000094,Letisha,Oris
CUST10000000095,Syman,Grayston
CUST10000000096,Meridel,Ostridge
CUST10000000097,Cinnamon,Satterley
CUST10000000098,Renie,Owbridge
CUST10000000099,Sibylle,Pfleger
CUST10000000100,Andrej,Henbury
CUST10000000101,Damon,Hallowes
CUST10000000102,Fallon,Klemke
CUST10000000103,Caron,Dorling
CUST10000000104,Alfred,Braiden
CUST10000000105,Shir,O' Lone
CUST10000000106,Lib,Weatherley
CUST10000000107,Dolley,Otridge
CUST10000000108,Odessa,Dwyer
CUST10000000109,Kelbee,Effemy
CUST10000000110,Asher,Roberto
CUST10000000111,Pernell,Wackett
CUST10000000112,Thomasa,Linde
CUST10000000113,Deana,Esh
CUST10000000114,Northrup,Fearby
CUST10000000115,Bertram,Dudson
CUST10000000116,Cleveland,Bielfelt
CUST10000000117,Rochette,Greenshields
CUST10000000118,Drusie,Biagi
CUST10000000119,Misha,Fulloway
CUST10000000120,Dorris,Haste
CUST10000000121,Robinetta,Nisard
CUST10000000122,Cody,Krzyzowski
CUST10000000123,Tiphanie,Skuse
CUST10000000124,Halsy,Aizikovich
CUST10000000125,Hendrika,Kilgallon
CUST10000000126,Carissa,Pedler
CUST10000000127,Randy,Smitheman
CUST10000000128,Darn,Burds
CUST10000000129,Paco,Moatt
CUST10000000130,Candice,Mundie
CUST10000000131,Gustaf,Botfield
CUST10000000132,Catriona,Britton
CUST10000000133,Silvanus,Pally
CUST10000000134,Artemus,Mannagh
CUST10000000135,Edvard,Bohike
CUST10000000136,Lissi,Biswell
CUST10000000137,Philomena,Raleston
CUST10000000138,Valina,Langlois
CUST10000000139,Bran,Lahy
CUST10000000140,Carline,Metts
CUST10000000141,Tymothy,Klishin
CUST10000000142,Hilary,Shillitoe
CUST10000000143,Denise,Probbings
CUST10000000144,Katalin,Margetts
CUST10000000145,Delainey,Kinnaird
CUST10000000146,Gian,Croyser
CUST10000000147,Rodd,Stretton
CUST10000000148,Mart,Hallett
CUST10000000149,Skipper,Greest
CUST10000000150,Ewan,Yu
CUST10000000151,Asher,Pitcher
CUST10000000152,Omar,Mordey
CUST10000000153,Merwyn,Gothliff
CUST10000000154,Kimbell,Peerman
CUST10000000155,Lin,Birt
CUST10000000156,Katusha,Brooksby
CUST10000000157,Avis,Ruler
CUST10000000158,Ives,Bartolomeu
CUST10000000159,Renelle,Cowgill
CUST10000000160,Gerrie,Reichelt
CUST10000000161,Rozelle,Guyonneau
CUST10000000162,Grayce,Bebbell
CUST10000000163,Chan,Weippert
CUST10000000164,Nesta,Grimwad
CUST10000000165,Neale,Lilie
CUST10000000166,Horatia,Hildred
CUST10000000167,Karoline,Tulloch
CUST10000000168,Gene,Dechelette
CUST10000000169,Amelie,Quipp
CUST10000000170,Karlotte,Krzyzowski
CUST10000000171,Alys,Priestman
CUST10000000172,Bob,Kilgour
CUST10000000173,Chet,Padrick
CUST10000000174,Yoshi,Spatoni
CUST10000000175,Fanni,Fazan
CUST10000000176,Agathe,Vanes
CUST10000000177,Ivonne,Widdicombe
CUST10000000178,Basilius,Smetoun
CUST10000000179,Maude,Bartos
CUST10000000180,Deena,Henaughan
CUST10000000181,Adena,Meeron
CUST10000000182,Cale,Keyzman
CUST10000000183,Courtnay,Kettlesting
CUST10000000184,Camala,Rougier
CUST10000000185,Brig,Dincey
CUST10000000186,Janet,Jakoviljevic
CUST10000000187,Blondie,Pole
CUST10000000188,Rhiamon,Rabidge
CUST10000000189,Jone,Darlow
CUST10000000190,Marshal,Kynge
CUST10000000191,Hannis,Fortie
CUST10000000192,Jeralee,Barracks
CUST10000000193,Dorthy,Boutellier
CUST10000000194,Abigael,Burhouse
CUST10000000195,Robbi,Mathou
CUST10000000196,Laraine,Abley
CUST10000000197,Morry,Rollingson
CUST10000000198,Jewelle,Bow
CUST10000000199,Sheppard,Byham
CUST10000000200,Cordy,Robb
CUST10000000201,Amii,Ramshaw
CUST10000000202,Webb,Buttrick
CUST10000000203,Aleda,Garvin
CUST10000000204,Ofilia,Flute
CUST10000000205,Annamarie,Clemencon
CUST10000000206,Minor,Lawrenson
CUST10000000207,Anton,Jekyll
CUST10000000208,Colver,Coulthurst
CUST10000000209,Claudie,Kenworthy
CUST10000000210,Jayne,Wayon
CUST10000000211,Ernesto,Crocombe
CUST10000000212,Jaclyn,Snozzwell
CUST10000000213,Davina,Le Hucquet
CUST10000000214,Ellswerth,Aberdein
CUST10000000215,Lynett,Brigshaw
CUST10000000216,Brett,Vanyatin
CUST10000000217,Stacee,Fearne
CUST10000000218,Olag,Sidgwick
CUST10000000219,Benjie,Crust
CUST10000000220,Sully,Scones
CUST10000000221,Natty,Larrington
CUST10000000222,Ira,Vlasenkov
CUST10000000223,Steffen,Oda
CUST10000000224,Zedekiah,Dowyer
CUST10000000225,Dena,Pawnsford
CUST10000000226,Tani,Wark
CUST10000000227,Myrta,Espinay
CUST10000000228,Ethan,Correa
CUST10000000229,North,Costin
CUST10000000230,Tamra,Sprules
CUST10000000231,Amalita,Waiton
CUST10000000232,Ernst,Mines
CUST10000000233,Patricio,Threlfall
CUST10000000234,Obadiah,Rubinovitch
CUST10000000235,Frederico,Haughan
CUST10000000236,Dennet,Toffler
CUST10000000237,Lizzy,Naylor
CUST10000000238,Guthrey,Vere
CUST10000000239,Janith,Greveson
CUST10000000240,Ives,Brandle
CUST10000000241,Chelsae,Bridgeman
CUST10000000242,Jethro,Montfort
CUST10000000243,Philippine,Agney
CUST10000000244,Jecho,Domican
CUST10000000245,Gary,Pirelli
CUST10000000246,Immanuel,Rospars
CUST10000000247,Ferrell,McGloughlin
CUST10000000248,Thomasine,Peotz
CUST10000000249,Rickie,Yarham
CUST10000000250,Claudelle,Badam
CUST10000000251,Geraldine,Ferson
CUST10000000252,Heinrick,Criple
CUST10000000253,Evie,Peevor
CUST10000000254,Aubert,Spanswick
CUST10000000255,Viva,Warrick
CUST10000000256,Cristin,Bulger
CUST10000000257,Aileen,Teasdale-Markie
CUST10000000258,Anestassia,MacGray
CUST10000000259,Zelma,Drever
CUST10000000260,Sandie,Parry
CUST10000000261,Debi,Atkinson
CUST10000000262,Linette,Della Scala
CUST10000000263,Harriett,Calderbank
CUST10000000264,Avril,Welberry
CUST10000000265,Willabella,Tabart
CUST10000000266,Catha,Franchioni
CUST10000000267,Glen,Hatley
CUST10000000268,Laird,Ratter
CUST10000000269,Aloisia,Tant
CUST10000000270,Quinn,Matuszewski
CUST10000000271,Brigitta,Frayne
CUST10000000272,Robyn,Gayden
CUST10000000273,Niccolo,Wem
CUST10000000274,Riobard,Fickling
CUST10000000275,Boote,Colly
CUST10000000276,Kandy,Major
CUST10000000277,Atlante,Greer
CUST10000000278,Mycah,Lacroix
CUST10000000279,Olivier,Baversor
CUST10000000280,Bill,Chippendale
CUST10000000281,Antoni,MacAlester
CUST10000000282,Klemens,Lewerenz
CUST10000000283,Glori,Antonowicz
CUST10000000284,Jodie,Allpress
CUST10000000285,Norton,Bucksey
CUST10000000286,Horton,O'Shaughnessy
CUST10000000287,Olly,Jerson
CUST10000000288,Netty,Peach
CUST10000000289,Michel,Taffie
CUST10000000290,Shirley,Gates
CUST10000000291,Ginger,Sivill
CUST10000000292,Jeromy,Milesop
CUST10000000293,Alyson,Peacocke
CUST10000000294,Winona,Drewes
CUST10000000295,Farley,MacDonald
CUST10000000296,Orton,Bowlesworth
CUST10000000297,Dall,Lawland
CUST10000000298,Cobbie,Houltham
CUST10000000299,Heloise,Christofe
CUST10000000300,Konrad,Capper
CUST10000000301,Teddie,Bentzen
CUST10000000302,Selene,Elkin
CUST10000000303,Tye,Fesby
CUST10000000304,Ermin,Casemore
CUST10000000305,Conway,Clackson
CUST10000000306,Candice,Baudic
CUST10000000307,Avigdor,Crew
CUST10000000308,Nikolaos,Ruck
CUST10000000309,Ray,Varvell
CUST10000000310,Sarge,McVanamy
CUST10000000311,Lauren,Deville
CUST10000000312,Oswell,Padbery
CUST10000000313,Orelie,Arrighini
CUST10000000314,Booth,Devo
CUST10000000315,Irving,Bebbington
CUST10000000316,Dallas,Kimbury
CUST10000000317,Rachelle,Pringer
CUST10000000318,Hillier,Stainsby
CUST10000000319,Rozelle,Ruusa
CUST10000000320,Wilfred,Churchard
CUST10000000321,Mellisa,Griffith
CUST10000000322,Bendite,Houseman
CUST10000000323,Algernon,Swindell
CUST10000000324,Alyson,Heintz
CUST10000000325,Isidoro,McKea
CUST10000000326,Emile,Farnan
CUST10000000327,April,Dowgill
CUST10000000328,Stephie,Tommasetti
CUST10000000329,Elvina,Connick
CUST10000000330,Luelle,Handrock
CUST10000000331,Katha,Bolle
CUST10000000332,Consuelo,Pedri
CUST10000000333,Silvano,Headly
CUST10000000334,Ulrikaumeko,Pogue
CUST10000000335,Demott,Leek
CUST10000000336,Marillin,Foyster
CUST10000000337,Chrystel,Last
CUST10000000338,Darrel,Mynett
CUST10000000339,Fiorenze,Bertomeu
CUST10000000340,Zorana,Morrid
CUST10000000341,Marney,Tregaskis
CUST10000000342,Brew,Vance
CUST10000000343,Raina,Chave
CUST10000000344,Bartlet,Rosenbarg
CUST10000000345,Judye,Ilyas
CUST10000000346,Dionis,Hatcliffe
CUST10000000347,Ezekiel,McFarlan
CUST10000000348,Izabel,Hawarden
CUST10000000349,Theodor,Taggert
CUST10000000350,Sibley,Hue
CUST10000000351,Oralie,Beumant
CUST10000000352,Arne,Pegden
CUST10000000353,Robyn,Meindl
CUST10000000354,Raoul,Addis
CUST10000000355,Codie,Walshaw
CUST10000000356,Leanna,Saxon
CUST10000000357,Goldi,Wickendon
CUST10000000358,Sebastian,Pollack
CUST10000000359,Pedro,Ruegg
CUST10000000360,Malachi,Pasticznyk
CUST10000000361,Lida,Milch
CUST10000000362,Cherri,Belk
CUST10000000363,Jany,Gerardot
CUST10000000364,Aileen,Antham
CUST10000000365,Dory,Bellini
CUST10000000366,Harri,Fullager
CUST10000000367,Bonita,Smee
CUST10000000368,Chad,Austins
CUST10000000369,Hillyer,South
CUST10000000370,Elliot,Baudacci
CUST10000000371,Yasmin,Ghilardi
CUST10000000372,Morie,Spawforth
CUST10000000373,Rivalee,Farraway
CUST10000000374,Katheryn,De Atta
CUST10000000375,Vannie,Burgan
CUST10000000376,Jerrie,Lidgley
CUST10000000377,Loree,Signori
CUST10000000378,Allin,Touson
CUST10000000379,Coletta,Tooth
CUST10000000380,Tiler,Sawney
CUST10000000381,Lyssa,Goodale
CUST10000000382,Fanchon,Woolveridge
CUST10000000383,Nathalia,Veldens
CUST10000000384,Vina,Parfett
CUST10000000385,Maybelle,Lethem
CUST10000000386,Gaye,Janca
CUST10000000387,Sharline,Bohills
CUST10000000388,Simonette,Swithenby
CUST10000000389,Davon,Firminger
CUST10000000390,Johnette,Baus
CUST10000000391,Ainslie,Woodford
CUST10000000392,Carine,Buddleigh
CUST10000000393,Quint,Portwain
CUST10000000394,Melinda,Slainey
CUST10000000395,Tamqrah,Limerick
CUST10000000396,Miof mela,Kalinke
CUST10000000397,Jasper,Redmain
CUST10000000398,Nessa,Durward
CUST10000000399,Darya,Cornfield
CUST10000000400,Asia,Dubbin
CUST10000000401,Jania,Klimov
CUST10000000402,Josefa,Ginner
CUST10000000403,Cyril,Niese
CUST10000000404,Nyssa,Ivimy
CUST10000000405,Minda,Garm
CUST10000000406,Sanson,Ubach
CUST10000000407,Marsh,Dignam
CUST10000000408,Nicki,Abbess
CUST10000000409,Addie,Raphael
CUST10000000410,Benjamen,Challener
CUST10000000411,Currey,Malafe
CUST10000000412,Annabel,Mungan
CUST10000000413,Alex,Peabody
CUST10000000414,Viole,Dudenie
CUST10000000415,Neill,Cleeton
CUST10000000416,Vi,Hakonsen
CUST10000000417,Jammie,Brumbie
CUST10000000418,Che,Pickerell
CUST10000000419,Willard,Zellner
CUST10000000420,Meghann,Dumphry
CUST10000000421,Erma,Baskeyfied
CUST10000000422,Carlene,Buttner
CUST10000000423,Paquito,Millery
CUST10000000424,Obadiah,Mears
CUST10000000425,Myra,Aronsohn
CUST10000000426,Dorian,Siemantel
CUST10000000427,Charmine,Dykas
CUST10000000428,Esme,Balducci
CUST10000000429,Chiquia,Lovett
CUST10000000430,Katherine,Dilnot
CUST10000000431,Dru,Kingsnode
CUST10000000432,Rosamond,Haukey
CUST10000000433,Gwendolen,Thorouggood
CUST10000000434,Killian,Mettrick
CUST10000000435,Artie,Dennistoun
CUST10000000436,Fergus,Bracegirdle
CUST10000000437,Cathlene,Neat
CUST10000000438,Vasily,Ings
CUST10000000439,Flossi,Willstrop
CUST10000000440,Oswald,Zamorrano
CUST10000000441,Diane,Hundy
CUST10000000442,Ashil,Lorrie
CUST10000000443,Arlin,Wells
CUST10000000444,Edythe,McGann
CUST10000000445,Bertha,Birkhead
CUST10000000446,Odetta,De Biasio
CUST10000000447,Kinna,Girardengo
CUST10000000448,Vivi,Figgins
CUST10000000449,Welch,Chrispin
CUST10000000450,Timmi,Skepper
CUST10000000451,Antons,Mattei
CUST10000000452,Harli,Sone
CUST10000000453,Hal,Carson
CUST10000000454,Ailbert,Crosscombe
CUST10000000455,Mariele,Vouls
CUST10000000456,Berkie,Janicijevic
CUST10000000457,Kellina,Castells
CUST10000000458,Amaleta,McGettrick
CUST10000000459,Nickey,Nusche
CUST10000000460,Elenore,Eates
CUST10000000461,Anastasie,Tavinor
CUST10000000462,Rowen,Artingstall
CUST10000000463,Clywd,Corradino
CUST10000000464,Caspar,Kiggel
CUST10000000465,Evie,Lindemann
CUST10000000466,Hubie,Cutress
CUST10000000467,Wildon,Cownden
CUST10000000468,Orelia,Dooley
CUST10000000469,Sasha,Ierland
CUST10000000470,Brittany,Renals
CUST10000000471,Tommi,Rickerd
CUST10000000472,Jessalyn,Mealing
CUST10000000473,Haven,Disney
CUST10000000474,Jeth,Jahan
CUST10000000475,Avril,Orgill
CUST10000000476,Granny,Bishop
CUST10000000477,Dinnie,Szymaniak
CUST10000000478,Abby,Duce
CUST10000000479,Valida,Ible
CUST10000000480,Delcina,Bonick
CUST10000000481,Nancee,Rudiger
CUST10000000482,Waylin,Scoular
CUST10000000483,Daffy,Stead
CUST10000000484,Walker,Fant
CUST10000000485,Piotr,Patshull
CUST10000000486,Karena,Latham
CUST10000000487,Gradeigh,Gumbrell
CUST10000000488,Mario,Sueter
CUST10000000489,Nina,Cramer
CUST10000000490,Aloisia,Fabbri
CUST10000000491,Brynna,Brangan
CUST10000000492,Audie,Klulicek
CUST10000000493,Colene,Degoy
CUST10000000494,Tiffy,Cotterel
CUST10000000495,Romy,Spadoni
CUST10000000496,Pall,Klimkov
CUST10000000497,Guido,Summerley
CUST10000000498,Heda,Gontier
CUST10000000499,Louis,Claw
CUST10000000500,Enriqueta,Millions
CUST10000000501,Earl,Eastcott
CUST10000000502,Keane,De Clairmont
CUST10000000503,Meagan,Crilley
CUST10000000504,Salvidor,Buxsey
CUST10000000505,Bondy,Ivanuschka
CUST10000000506,Berke,Lewsie
CUST10000000507,Gale,Juza
CUST10000000508,Willy,Whyley
CUST10000000509,Berne,Danforth
CUST10000000510,Velvet,Lusgdin
CUST10000000511,Willyt,Jolliman
CUST10000000512,Launce,McCoy
CUST10000000513,Guillaume,Gadd
CUST10000000514,Valene,McIlmurray
CUST10000000515,George,Disman
CUST10000000516,Law,Gulley
CUST10000000517,Krishnah,Querrard
CUST10000000518,Blakelee,MacKettrick
CUST10000000519,Natal,De Angelo
CUST10000000520,Martyn,Malby
CUST10000000521,Noemi,Gulliford
CUST10000000522,Niall,Cleugher
CUST10000000523,Hillard,Ellaman
CUST10000000524,Elli,Till
CUST10000000525,Maggy,Neave
CUST10000000526,Clarisse,Lubeck
CUST10000000527,Jordain,Hardisty
CUST10000000528,Margareta,De Vaar
CUST10000000529,Jessamine,Chagg
CUST10000000530,Jarrad,Franceschino
CUST10000000531,Maddalena,Guillon
CUST10000000532,Tully,Nicholes
CUST10000000533,Rowan,Boner
CUST10000000534,Nanete,Fairhurst
CUST10000000535,Gav,Louden
CUST10000000536,Cicely,Simco
CUST10000000537,Burl,Startin
CUST10000000538,Joell,Andryszczak
CUST10000000539,Katusha,Richard
CUST10000000540,Constance,Marmon
CUST10000000541,Marlon,Paskins
CUST10000000542,Krispin,Pamplin
CUST10000000543,Libby,Durrell
CUST10000000544,Caro,Narraway
CUST10000000545,Franz,Genery
CUST10000000546,Cassi,Keyworth
CUST10000000547,Kilian,Sidey
CUST10000000548,Denice,Fabbro
CUST10000000549,Henryetta,Maudlin
CUST10000000550,Melisse,Keming
CUST10000000551,Orv,Squirrel
CUST10000000552,Cassy,Rikard
CUST10000000553,Carmelle,McGoogan
CUST10000000554,Les,Duckwith
CUST10000000555,Charlton,Loraine
CUST10000000556,Loraine,Skoggins
CUST10000000557,Gaby,Dale
CUST10000000558,Marissa,Woodburn
CUST10000000559,Berkly,Frickey
CUST10000000560,Abby,Aiton
CUST10000000561,Sheelagh,Momery
CUST10000000562,Gilburt,Teml
CUST10000000563,Honoria,Warne
CUST10000000564,Jesus,Fayer
CUST10000000565,Timothee,Charnley
CUST10000000566,Martie,Gammack
CUST10000000567,Cordy,Mason
CUST10000000568,Euphemia,Booth-Jarvis
CUST10000000569,Pasquale,Matyugin
CUST10000000570,Elle,Lodford
CUST10000000571,Guglielma,Cawood
CUST10000000572,Kalle,Addlestone
CUST10000000573,Merralee,O'Feeny
CUST10000000574,Heath,Dowrey
CUST10000000575,Verine,Mancer
CUST10000000576,Arielle,Futcher
CUST10000000577,Cosme,Blose
CUST10000000578,Falkner,Liquorish
CUST10000000579,Tani,Gilkison
CUST10000000580,Alyosha,Menelaws
CUST10000000581,Laverna,Prene
CUST10000000582,Tades,Le Provost
CUST10000000583,Dyane,Lunnon
CUST10000000584,Jecho,Embleton
CUST10000000585,Bamby,Jeppensen
CUST10000000586,Vitia,Farfolomeev
CUST10000000587,Josi,Garnsworthy
CUST10000000588,Elset,Poynor
CUST10000000589,Hillery,Cullivan
CUST10000000590,Engelbert,Oldroyd
CUST10000000591,Blair,Attaway
CUST10000000592,Eddy,Braffington
CUST10000000593,Josh,Petegre
CUST10000000594,Leland,Ryman
CUST10000000595,Madella,Smythin
CUST10000000596,Charyl,Farny
CUST10000000597,Bertrand,Hovey
CUST10000000598,Tisha,Purseglove
CUST10000000599,Gaspard,Piegrome
CUST10000000600,Livvyy,Cownden
CUST10000000601,Hurlee,Cursons
CUST10000000602,Emelia,Keetch
CUST10000000603,Thornie,Beccera
CUST10000000604,Karee,Kief
CUST10000000605,Fiorenze,Lawlor
CUST10000000606,Joelie,Hathorn
CUST10000000607,Traci,Blissitt
CUST10000000608,Nathalia,Imos
CUST10000000609,Hortensia,Calderhead
CUST10000000610,Abeu,MacCosty
CUST10000000611,Cassie,Simonsson
CUST10000000612,Juditha,Bagworth
CUST10000000613,Trey,Simoncello
CUST10000000614,Cherey,Drissell
CUST10000000615,Bettina,McWaters
CUST10000000616,Verine,Carlaw
CUST10000000617,Lorinda,McCardle
CUST10000000618,Gearalt,Durran
CUST10000000619,Darryl,Gensavage
CUST10000000620,Rob,Shinefield
CUST10000000621,Rawley,De Moreno
CUST10000000622,Ernesta,Grainge
CUST10000000623,Sargent,Reedick
CUST10000000624,Joella,Keam
CUST10000000625,Alexis,Tredger
CUST10000000626,Crystie,Akam
CUST10000000627,Margarete,Stedman
CUST10000000628,Meridith,Premble
CUST10000000629,Ermengarde,Cowpe
CUST10000000630,Leontyne,Halvosen
CUST10000000631,Delcine,Nowell
CUST10000000632,Upton,Shepstone
CUST10000000633,Margalo,Levings
CUST10000000634,Cobb,McCerery
CUST10000000635,Hewie,Toy
CUST10000000636,Dawn,Freeland
CUST10000000637,Lyssa,Ascroft
CUST10000000638,Coretta,Thomkins
CUST10000000639,Cherry,Castel
CUST10000000640,Linoel,Ratke
CUST10000000641,Giffy,Childers
CUST10000000642,Emelda,Seabert
CUST10000000643,Sumner,Akam
CUST10000000644,Coreen,Egginton
CUST10000000645,Corine,Jaffa
CUST10000000646,Willabella,MacTrustram
CUST10000000647,Stacee,Burney
CUST10000000648,Marcelo,MacCaughey
CUST10000000649,Harriott,Ebsworth
CUST10000000650,Tomasine,Beefon
CUST10000000651,Marcela,Ringsell
CUST10000000652,Emelina,Beach
CUST10000000653,Loralyn,Holdey
CUST10000000654,Wyn,Cullrford
CUST10000000655,Konstanze,Trimming
CUST10000000656,Missy,Adie
CUST10000000657,Davis,McGarva
CUST10000000658,Grove,Ridding
CUST10000000659,Aubree,Cloney
CUST10000000660,Rasia,Boman
CUST10000000661,Lilith,Klimkiewich
CUST10000000662,Jeffry,Edwin
CUST10000000663,Ingrid,Agus
CUST10000000664,Victoir,Puddan
CUST10000000665,Hephzibah,Worman
CUST10000000666,Niki,Thumann
CUST10000000667,Britney,Kirgan
CUST10000000668,Tomasina,Robken
CUST10000000669,Perl,Conniam
CUST10000000670,Cecilio,Pinnigar
CUST10000000671,Rocky,Jarrel
CUST10000000672,Gardy,Burtt
CUST10000000673,Teirtza,Parres
CUST10000000674,Eilis,Orrah
CUST10000000675,Ruthy,Farquarson
CUST10000000676,Akim,Durning
CUST10000000677,Lorianna,Galtone
CUST10000000678,Genvieve,Tills
CUST10000000679,Reina,Penfold
CUST10000000680,Farleigh,Earle
CUST10000000681,Blayne,Sherel
CUST10000000682,Lockwood,Cohn
CUST10000000683,Gerry,Jarrelt
CUST10000000684,Dareen,Roos
CUST10000000685,Teodoor,Mandifield
CUST10000000686,Anderea,Guisby
CUST10000000687,Nilson,Boyd
CUST10000000688,Joletta,Crowd
CUST10000000689,Ruthann,Shawcross
CUST10000000690,Rosina,Bristoe
CUST10000000691,Lucius,Bage
CUST10000000692,Cornie,Clapton
CUST10000000693,Liza,Penvarden
CUST10000000694,Bevan,Haeslier
CUST10000000695,Horton,Crispe
CUST10000000696,Thorny,Dukes
CUST10000000697,Sharai,Ashbolt
CUST10000000698,Ricca,Godbehere
CUST10000000699,Debby,McAree
CUST10000000700,Mart,Cruz
CUST10000000701,Lolita,Brambell
CUST10000000702,Lonna,Carhart
CUST10000000703,Glynn,Liepina
CUST10000000704,Doe,Dietz
CUST10000000705,Shirleen,Crinion
CUST10000000706,Orbadiah,Plascott
CUST10000000707,Christy,Kindleysides
CUST10000000708,Barbette,Borwick
CUST10000000709,Butch,Charter
CUST10000000710,Elicia,Ree
CUST10000000711,Melitta,Roderham
CUST10000000712,Ruddie,Halwood
CUST10000000713,Johnette,Tarren
CUST10000000714,Perri,Biaggioni
CUST10000000715,Arnaldo,McKleod
CUST10000000716,Jerrine,Warratt
CUST10000000717,Brandy,Landrean
CUST10000000718,Melanie,Shemming
CUST10000000719,Sheree,Imison
CUST10000000720,Rubin,Poe
CUST10000000721,Sherill,Cromly
CUST10000000722,Wileen,Moakler
CUST10000000723,Donnell,Ferrucci
CUST10000000724,Herman,Maystone
CUST10000000725,Tracee,Clue
CUST10000000726,Frederick,Conelly
CUST10000000727,Agustin,Stockall
CUST10000000728,Britta,Lanham
CUST10000000729,Felicia,Tuxwell
CUST10000000730,Felicdad,Cambell
CUST10000000731,Noelle,Donke
CUST10000000732,Trev,Maddigan
CUST10000000733,Kirbie,Brunelleschi
CUST10000000734,Dulciana,Holdey
CUST10000000735,Nelly,Leipoldt
CUST10000000736,Andreas,Stendall
CUST10000000737,Dell,Gallop
CUST10000000738,Maximilien,Pionter
CUST10000000739,Kinnie,De Goey
CUST10000000740,Marris,Carmel
CUST10000000741,Jonell,Janning
CUST10000000742,Eleonora,Phettiplace
CUST10000000743,Klemens,Paviour
CUST10000000744,Josiah,Keetley
CUST10000000745,Jerald,Minocchi
CUST10000000746,Reta,Blasi
CUST10000000747,Rees,Bolens
CUST10000000748,Laverne,Oag
CUST10000000749,Megan,Leithgoe
CUST10000000750,Sally,Garrattley
CUST10000000751,Domingo,Cisson
CUST10000000752,Shaylyn,Cairney
CUST10000000753,Hilary,Baxill
CUST10000000754,Letty,Ingre
CUST10000000755,Derril,Onyon
CUST10000000756,Edouard,Dot
CUST10000000757,Hazel,Comberbach
CUST10000000758,Neilla,Gomar
CUST10000000759,Paco,Hought
CUST10000000760,Gloriane,Snape
CUST10000000761,Gwenneth,Dunkerley
CUST10000000762,Korney,Clayden
CUST10000000763,Rustie,Priter
CUST10000000764,Rebekkah,Cricket
CUST10000000765,Karrie,Penhearow
CUST10000000766,Mel,Endecott
CUST10000000767,Kat,Shenfisch
CUST10000000768,Felice,Frantzen
CUST10000000769,Brietta,Kingsford
CUST10000000770,Reagan,Hugli
CUST10000000771,Loralie,Casley
CUST10000000772,Arlin,Roscam
CUST10000000773,Walliw,Iddens
CUST10000000774,Allina,Hammant
CUST10000000775,Rey,Bahike
CUST10000000776,Valenka,Petrina
CUST10000000777,Vanya,Sackett
CUST10000000778,Sarene,Dymott
CUST10000000779,Keelia,Goodfield
CUST10000000780,Keen,Lakenden
CUST10000000781,Thomas,Hannaford
CUST10000000782,Teodora,Duinbleton
CUST10000000783,Sibby,Croy
CUST10000000784,Mitch,Vodden
CUST10000000785,Tab,Nayer
CUST10000000786,Annabel,Iveagh
CUST10000000787,Barclay,Challenor
CUST10000000788,Sheff,Brownsword
CUST10000000789,Jeniffer,Ibbeson
CUST10000000790,Garner,Wines
CUST10000000791,Kora,Jacquemard
CUST10000000792,Hermon,Darell
CUST10000000793,Rosetta,Weatherdon
CUST10000000794,Seumas,Noell
CUST10000000795,Mag,Dalgarnowch
CUST10000000796,Carol-jean,Muldrew
CUST10000000797,Diane-marie,Eldershaw
CUST10000000798,Florri,Deem
CUST10000000799,Payton,McGuinness
CUST10000000800,Daron,Buncom
CUST10000000801,Rhianna,Teligin
CUST10000000802,Felipa,Hollebon
CUST10000000803,Kingsly,Groundwator
CUST10000000804,Rodrick,Hugo
CUST10000000805,Sheilah,Bielfeldt
CUST10000000806,Flory,Monteath
CUST10000000807,Rodi,Artus
CUST10000000808,Noe,Crowder
CUST10000000809,Corrine,Gyurkovics
CUST10000000810,Stu,Middler
CUST10000000811,Elnora,Tarbert
CUST10000000812,Madel,Frew
CUST10000000813,Doll,Daoust
CUST10000000814,Dorella,Mursell
CUST10000000815,Gerald,Muir
CUST10000000816,Lynelle,Vanner
CUST10000000817,Barbra,Tolossi
CUST10000000818,Gunther,Pinilla
CUST10000000819,Kenna,Deehan
CUST10000000820,Loree,Drackford
CUST10000000821,Nico,Dowall
CUST10000000822,Julissa,Cristobal
CUST10000000823,Bev,Zimek
CUST10000000824,Barbie,Colmer
CUST10000000825,Rosco,Corragan
CUST10000000826,Molly,Chesher
CUST10000000827,Skylar,Husher
CUST10000000828,Evanne,O' Mahony
CUST10000000829,Merridie,Pethrick
CUST10000000830,Shay,Tribble
CUST10000000831,Siegfried,Semarke
CUST10000000832,Lorinda,Hattigan
CUST10000000833,Ulrike,Beenham
CUST10000000834,Brigham,Coumbe
CUST10000000835,Silvio,Maingot
CUST10000000836,Orelle,Foulis
CUST10000000837,Vera,Hoffmann
CUST10000000838,Giovanna,Khan
CUST10000000839,Kristine,Mingardi
CUST10000000840,Matthieu,Rentoll
CUST10000000841,Aylmer,Croome
CUST10000000842,Bondon,Boome
CUST10000000843,Byrle,Horrigan
CUST10000000844,Dana,Waby
CUST10000000845,Elmer,Du Barry
CUST10000000846,Mallorie,Anning
CUST10000000847,Brandise,Kemmet
CUST10000000848,Eula,Yakovitch
CUST10000000849,Dukie,O'Hannigan
CUST10000000850,Carita,Bowkley
CUST10000000851,Dory,Steely
CUST10000000852,Marten,Fowlston
CUST10000000853,Leonora,Gut
CUST10000000854,Diandra,Whissell
CUST10000000855,Decca,Sauter
CUST10000000856,Rupert,McNysche
CUST10000000857,Sula,Roadnight
CUST10000000858,Barthel,Tewes
CUST10000000859,Filippa,Le febre
CUST10000000860,Audre,Rosser
CUST10000000861,Fulton,Scutchings
CUST10000000862,Thomas,Matyukon
CUST10000000863,Evangelina,Southerell
CUST10000000864,Kyle,Rayhill
CUST10000000865,Ryun,Phebey
CUST10000000866,Hirsch,McConaghy
CUST10000000867,Dino,Mitrovic
CUST10000000868,Ellynn,Piddocke
CUST10000000869,Lavena,Slayford
CUST10000000870,Rafaelita,Walthall
CUST10000000871,Darwin,Chasteney
CUST10000000872,Bernard,Giraldo
CUST10000000873,Dorene,Southeran
CUST10000000874,Beverie,Andri
CUST10000000875,Bren,Munson
CUST10000000876,Karry,Braunroth
CUST10000000877,Johny,Shrubb
CUST10000000878,Guglielmo,Horsley
CUST10000000879,Christen,D'Aubney
CUST10000000880,Lucias,Kegan
CUST10000000881,Caddric,Vain
CUST10000000882,Abelard,Corbridge
CUST10000000883,Heddi,Flanne
CUST10000000884,Olivier,Silberschatz
CUST10000000885,Abbey,Coonan
CUST10000000886,Burke,Turpin
CUST10000000887,Moreen,Westraw
CUST10000000888,Darn,O'Carney
CUST10000000889,Corney,Thorald
CUST10000000890,Brandie,Garrood
CUST10000000891,Donnamarie,Soutar
CUST10000000892,Klemens,Stempe
CUST10000000893,Jack,Gascoyne
CUST10000000894,Estrella,Dabinett
CUST10000000895,Tessy,Streak
CUST10000000896,Garvey,Tuckey
CUST10000000897,Guillermo,Munby
CUST10000000898,Juana,Lowis
CUST10000000899,Ignacio,Kubala
CUST10000000900,Bel,Whyler
CUST10000000901,Cristiano,Boshard
CUST10000000902,Major,Oiseau
CUST10000000903,Moritz,Lisamore
CUST10000000904,Kristien,Arnell
CUST10000000905,Mal,Martellini
CUST10000000906,Cicily,Spearman
CUST10000000907,Catarina,Waywell
CUST10000000908,Missy,Hegel
CUST10000000909,Gloria,Tomblett
CUST10000000910,Feliza,Erickson
CUST10000000911,Albie,Skellon
CUST10000000912,Charlean,Bean
CUST10000000913,Chanda,Trask
CUST10000000914,Vaclav,Stark
CUST10000000915,Mace,O'Boyle
CUST10000000916,Lotty,O' Quirk
CUST10000000917,Felike,Stearn
CUST10000000918,Gwyn,Stell
CUST10000000919,Nicko,Carn
CUST10000000920,Nikita,Caskey
CUST10000000921,Kaia,Hellmer
CUST10000000922,Randi,Heare
CUST10000000923,Viviene,Hunnisett
CUST10000000924,Cello,MacFadyen
CUST10000000925,Rickie,Macias
CUST10000000926,Morton,Willatt
CUST10000000927,Tarah,Williamson
CUST10000000928,Hastings,Pellamonuten
CUST10000000929,Sheena,MacDonald
CUST10000000930,Cassie,Stonner
CUST10000000931,Stevena,Vittori
CUST10000000932,Gunner,Largent
CUST10000000933,Dud,Apple
CUST10000000934,Geri,Sparke
CUST10000000935,Cheston,Dybald
CUST10000000936,Dell,O' Ronan
CUST10000000937,Wilma,Synan
CUST10000000938,Gerard,Kleinsinger
CUST10000000939,Joycelin,Yokley
CUST10000000940,Elle,Kenchington
CUST10000000941,Obediah,Currin
CUST10000000942,Granville,Druitt
CUST10000000943,Grata,Ternott
CUST10000000944,Jania,Spire
CUST10000000945,Kailey,Janaway
CUST10000000946,Zane,Beaze
CUST10000000947,Zane,Gonthier
CUST10000000948,Datha,Eadmead
CUST10000000949,Candace,Lapwood
CUST10000000950,Vicky,Durward
CUST10000000951,Thaddeus,Southway
CUST10000000952,Jermayne,Penzer
CUST10000000953,Aleksandr,MacGlory
CUST10000000954,Paddie,Youtead
CUST10000000955,Carola,Struis
CUST10000000956,Violetta,Joppich
CUST10000000957,Celinka,Swansbury
CUST10000000958,Maudie,Shotter
CUST10000000959,Jacqui,Milbank
CUST10000000960,Noll,Sorbie
CUST10000000961,Keane,McKeand
CUST10000000962,Charisse,Stang-Gjertsen
CUST10000000963,Duane,Harlin
CUST10000000964,Xenia,Yakovliv
CUST10000000965,Mikol,MacLise
CUST10000000966,Sonny,Lovick
CUST10000000967,Andra,Hassett
CUST10000000968,Rollie,Jurczak
CUST10000000969,Philbert,Tolefree
CUST10000000970,Sherline,Flockhart
CUST10000000971,Tally,Scarisbrick
CUST10000000972,Shelden,Anfonsi
CUST10000000973,Estella,Fippe
CUST10000000974,Rozele,Leslie
CUST10000000975,Pammi,Padula
CUST10000000976,Anson,Taylot
CUST10000000977,Thomasin,Cockin
CUST10000000978,Glennis,Duprey
CUST10000000979,Trula,Coltherd
CUST10000000980,Ursola,Ledington
CUST10000000981,Gardy,McRorie
CUST10000000982,Roth,Jamot
CUST10000000983,Catina,Eakle
CUST10000000984,Debbi,Hodgets
CUST10000000985,Paule,Cessford
CUST10000000986,Myrtice,Merkel
CUST10000000987,Corissa,Chasmoor
CUST10000000988,Ilise,Murrigans
CUST10000000989,Codi,Brizell
CUST10000000990,Vin,Glenn
CUST10000000991,Genovera,Rosenwasser
CUST10000000992,Maynord,Kellington
CUST10000000993,Ertha,Sirl
CUST10000000994,Albie,Mandal
CUST10000000995,Findlay,Thirsk
CUST10000000996,Yorke,MacMakin
CUST10000000997,Georges,Levermore
CUST10000000998,Helsa,Broadis
CUST10000000999,Rhody,Asaaf
CUST10000001000,Barty,Navarijo
